{
  "train_loss": [
    0.04976107917415599,
    0.02562796945781692,
    0.02460858958626264,
    0.0240293530575735,
    0.023478124833976228
  ],
  "val_loss": [
    0.018895090986043216,
    0.0178443343937397,
    0.017647353541105984,
    0.017286241818219424,
    0.01717420481145382
  ],
  "test_loss": [
    0.022598692178726197,
    0.02230167631059885,
    0.022279683351516723,
    0.022233496122062206,
    0.022203029058873655
  ]
}